domain_or_url,source,notes
convenientmd.com,salesforce,
revisionenergy.com,salesforce,
unitil.com,salesforce,
nedelta.com,salesforce,
sanbornhead.com,salesforce,
tfmoran.com,salesforce,
procon-inc.com,salesforce,
dewconstruction.com,salesforce,
northbranchconstruction.com,salesforce,
eptam.com,salesforce,
hitchiner.com,salesforce,
nhbb.com,salesforce,
newenglandwire.com,salesforce,
monadnockpaper.com,salesforce,
wirebelt.com,salesforce,
cswg.com,salesforce,
agne.com,salesforce,
connection.com,salesforce,
merchantsfleet.com,salesforce,
redriver.com,salesforce,
mainstaytechnologies.com,salesforce,
aqueducttech.com,salesforce,
hammondlumber.com,salesforce,
adventurereadybrands.com,salesforce,
spotonfence.com,salesforce,
lsne.com,salesforce,
thermofisher.com,salesforce,NH site
lonza.com,salesforce,NH site
massgeneralbrigham.org,salesforce,
bilh.org,salesforce,
easternbank.com,salesforce,
rocklandtrust.com,salesforce,
cambridgesavings.com,salesforce,
harborone.com,salesforce,
workerscu.com,salesforce,
dcu.org,salesforce,
preti.com,salesforce,
sulloway.com,salesforce,
beaconhillstaffing.com,salesforce,
coremedicalgroup.com,salesforce,
leddygroup.com,salesforce,
banknh.com,salesforce,
gscu.org,salesforce,
leaderbank.com,salesforce,
northpointmortgage.com,salesforce,
suffolk.com,salesforce,
shawmut.com,salesforce,
bondbrothers.com,salesforce,
nitscheng.com,salesforce,
betagroup.com,salesforce,
hologic.com,salesforce,
bostonscientific.com,salesforce,
watts.com,salesforce,
bose.com,salesforce,
irobot.com,salesforce,
analog.com,salesforce,
oceanspray.com,salesforce,
polarbeverages.com,salesforce,
wasabi.com,salesforce,
progress.com,salesforce,
cargurus.com,salesforce,
callminer.com,salesforce,
paperlessparts.com,salesforce,
cerulli.com,salesforce,
guptamedia.com,salesforce,
applause.com,salesforce,
cmtelematics.com,salesforce,
invoicecloud.com,salesforce,
redriver.com,salesforce,duplicate in list